<experiment>
  <configHash>7d48c30176b91ae1ead78007d8176a48</configHash>
  <outputDir>/home/neeraj/workspace/greenlab/android-runner/examples/batterystats/output/2020.10.23_040950/</outputDir>
  <runsToRun>
    <run runId="2">
      <device>nexus6p</device>
      <path>https://neerajsathyan.github.io/footballpeek/</path>
      <browser>chrome</browser>
      <runCount>3</runCount>
    </run>
    <run runId="8">
      <device>nexus6p</device>
      <path>https://neerajsathyan.github.io/footballpeek/</path>
      <browser>chrome</browser>
      <runCount>9</runCount>
    </run>
    <run runId="11">
      <device>nexus6p</device>
      <path>https://neerajsathyan.github.io/footballpeek/</path>
      <browser>chrome</browser>
      <runCount>12</runCount>
    </run>
    <run runId="12">
      <device>nexus6p</device>
      <path>https://neerajsathyan.github.io/footballpeek/</path>
      <browser>chrome</browser>
      <runCount>13</runCount>
    </run>
    <run runId="40">
      <device>nexus6p</device>
      <path>https://neerajsathyan.github.io/wavepad/</path>
      <browser>chrome</browser>
      <runCount>1</runCount>
    </run>
    <run runId="47">
      <device>nexus6p</device>
      <path>https://neerajsathyan.github.io/wavepad/</path>
      <browser>chrome</browser>
      <runCount>8</runCount>
    </run>
    <run runId="63">
      <device>nexus6p</device>
      <path>https://neerajsathyan.github.io/resilientwebdesign/</path>
      <browser>chrome</browser>
      <runCount>4</runCount>
    </run>
    <run runId="71">
      <device>nexus6p</device>
      <path>https://neerajsathyan.github.io/resilientwebdesign/</path>
      <browser>chrome</browser>
      <runCount>12</runCount>
    </run>
    <run runId="74">
      <device>nexus6p</device>
      <path>https://neerajsathyan.github.io/resilientwebdesign/</path>
      <browser>chrome</browser>
      <runCount>15</runCount>
    </run>
    <run runId="79">
      <device>nexus6p</device>
      <path>https://neerajsathyan.github.io/resilientwebdesign/</path>
      <browser>chrome</browser>
      <runCount>20</runCount>
    </run>
    <run runId="81">
      <device>nexus6p</device>
      <path>https://gamma1210.github.io/beer/</path>
      <browser>chrome</browser>
      <runCount>2</runCount>
    </run>
    <run runId="98">
      <device>nexus6p</device>
      <path>https://gamma1210.github.io/beer/</path>
      <browser>chrome</browser>
      <runCount>19</runCount>
    </run>
    <run runId="121">
      <device>nexus6p</device>
      <path>https://gamma1210.github.io/jetzt/www.jetzt.de/</path>
      <browser>chrome</browser>
      <runCount>2</runCount>
    </run>
    <run runId="122">
      <device>nexus6p</device>
      <path>https://gamma1210.github.io/jetzt/www.jetzt.de/</path>
      <browser>chrome</browser>
      <runCount>3</runCount>
    </run>
    <run runId="124">
      <device>nexus6p</device>
      <path>https://gamma1210.github.io/jetzt/www.jetzt.de/</path>
      <browser>chrome</browser>
      <runCount>5</runCount>
    </run>
    <run runId="126">
      <device>nexus6p</device>
      <path>https://gamma1210.github.io/jetzt/www.jetzt.de/</path>
      <browser>chrome</browser>
      <runCount>7</runCount>
    </run>
    <run runId="137">
      <device>nexus6p</device>
      <path>https://gamma1210.github.io/jetzt/www.jetzt.de/</path>
      <browser>chrome</browser>
      <runCount>18</runCount>
    </run>
    <run runId="139">
      <device>nexus6p</device>
      <path>https://gamma1210.github.io/jetzt/www.jetzt.de/</path>
      <browser>chrome</browser>
      <runCount>20</runCount>
    </run>
    <run runId="148">
      <device>nexus6p</device>
      <path>https://gamma1210.github.io/birdandearth/www.birdandearth.com.au/</path>
      <browser>chrome</browser>
      <runCount>9</runCount>
    </run>
    <run runId="150">
      <device>nexus6p</device>
      <path>https://gamma1210.github.io/birdandearth/www.birdandearth.com.au/</path>
      <browser>chrome</browser>
      <runCount>11</runCount>
    </run>
    <run runId="161">
      <device>nexus6p</device>
      <path>https://neerajsathyan.github.io/la-cuenta/</path>
      <browser>chrome</browser>
      <runCount>2</runCount>
    </run>
    <run runId="166">
      <device>nexus6p</device>
      <path>https://neerajsathyan.github.io/la-cuenta/</path>
      <browser>chrome</browser>
      <runCount>7</runCount>
    </run>
    <run runId="169">
      <device>nexus6p</device>
      <path>https://neerajsathyan.github.io/la-cuenta/</path>
      <browser>chrome</browser>
      <runCount>10</runCount>
    </run>
    <run runId="170">
      <device>nexus6p</device>
      <path>https://neerajsathyan.github.io/la-cuenta/</path>
      <browser>chrome</browser>
      <runCount>11</runCount>
    </run>
    <run runId="172">
      <device>nexus6p</device>
      <path>https://neerajsathyan.github.io/la-cuenta/</path>
      <browser>chrome</browser>
      <runCount>13</runCount>
    </run>
    </runsToRun>
  <runsDone>
    <run runId="146">
      <device>nexus6p</device>
      <path>https://gamma1210.github.io/birdandearth/www.birdandearth.com.au/</path>
      <browser>chrome</browser>
      <runCount>7</runCount>
    </run>
    <run runId="167">
      <device>nexus6p</device>
      <path>https://neerajsathyan.github.io/la-cuenta/</path>
      <browser>chrome</browser>
      <runCount>8</runCount>
    </run>
    <run runId="133">
      <device>nexus6p</device>
      <path>https://gamma1210.github.io/jetzt/www.jetzt.de/</path>
      <browser>chrome</browser>
      <runCount>14</runCount>
    </run>
    <run runId="24">
      <device>nexus6p</device>
      <path>https://neerajsathyan.github.io/pwa-with-vanilla-js/</path>
      <browser>chrome</browser>
      <runCount>5</runCount>
    </run>
    <run runId="151">
      <device>nexus6p</device>
      <path>https://gamma1210.github.io/birdandearth/www.birdandearth.com.au/</path>
      <browser>chrome</browser>
      <runCount>12</runCount>
    </run>
    <run runId="114">
      <device>nexus6p</device>
      <path>https://gamma1210.github.io/currency-calc/</path>
      <browser>chrome</browser>
      <runCount>15</runCount>
    </run>
    <run runId="179">
      <device>nexus6p</device>
      <path>https://neerajsathyan.github.io/la-cuenta/</path>
      <browser>chrome</browser>
      <runCount>20</runCount>
    </run>
    <run runId="38">
      <device>nexus6p</device>
      <path>https://neerajsathyan.github.io/pwa-with-vanilla-js/</path>
      <browser>chrome</browser>
      <runCount>19</runCount>
    </run>
    <run runId="84">
      <device>nexus6p</device>
      <path>https://gamma1210.github.io/beer/</path>
      <browser>chrome</browser>
      <runCount>5</runCount>
    </run>
    <run runId="51">
      <device>nexus6p</device>
      <path>https://neerajsathyan.github.io/wavepad/</path>
      <browser>chrome</browser>
      <runCount>12</runCount>
    </run>
    <run runId="20">
      <device>nexus6p</device>
      <path>https://neerajsathyan.github.io/pwa-with-vanilla-js/</path>
      <browser>chrome</browser>
      <runCount>1</runCount>
    </run>
    <run runId="142">
      <device>nexus6p</device>
      <path>https://gamma1210.github.io/birdandearth/www.birdandearth.com.au/</path>
      <browser>chrome</browser>
      <runCount>3</runCount>
    </run>
    <run runId="86">
      <device>nexus6p</device>
      <path>https://gamma1210.github.io/beer/</path>
      <browser>chrome</browser>
      <runCount>7</runCount>
    </run>
    <run runId="135">
      <device>nexus6p</device>
      <path>https://gamma1210.github.io/jetzt/www.jetzt.de/</path>
      <browser>chrome</browser>
      <runCount>16</runCount>
    </run>
    <run runId="106">
      <device>nexus6p</device>
      <path>https://gamma1210.github.io/currency-calc/</path>
      <browser>chrome</browser>
      <runCount>7</runCount>
    </run>
    <run runId="131">
      <device>nexus6p</device>
      <path>https://gamma1210.github.io/jetzt/www.jetzt.de/</path>
      <browser>chrome</browser>
      <runCount>12</runCount>
    </run>
    <run runId="60">
      <device>nexus6p</device>
      <path>https://neerajsathyan.github.io/resilientwebdesign/</path>
      <browser>chrome</browser>
      <runCount>1</runCount>
    </run>
  <run runId="163">
      <device>nexus6p</device>
      <path>https://neerajsathyan.github.io/la-cuenta/</path>
      <browser>chrome</browser>
      <runCount>4</runCount>
    </run>
    <run runId="94">
      <device>nexus6p</device>
      <path>https://gamma1210.github.io/beer/</path>
      <browser>chrome</browser>
      <runCount>15</runCount>
    </run>
    <run runId="104">
      <device>nexus6p</device>
      <path>https://gamma1210.github.io/currency-calc/</path>
      <browser>chrome</browser>
      <runCount>5</runCount>
    </run>
    <run runId="33">
      <device>nexus6p</device>
      <path>https://neerajsathyan.github.io/pwa-with-vanilla-js/</path>
      <browser>chrome</browser>
      <runCount>14</runCount>
    </run>
    <run runId="22">
      <device>nexus6p</device>
      <path>https://neerajsathyan.github.io/pwa-with-vanilla-js/</path>
      <browser>chrome</browser>
      <runCount>3</runCount>
    </run>
    <run runId="97">
      <device>nexus6p</device>
      <path>https://gamma1210.github.io/beer/</path>
      <browser>chrome</browser>
      <runCount>18</runCount>
    </run>
    <run runId="112">
      <device>nexus6p</device>
      <path>https://gamma1210.github.io/currency-calc/</path>
      <browser>chrome</browser>
      <runCount>13</runCount>
    </run>
    <run runId="15">
      <device>nexus6p</device>
      <path>https://neerajsathyan.github.io/footballpeek/</path>
      <browser>chrome</browser>
      <runCount>16</runCount>
    </run>
    <run runId="17">
      <device>nexus6p</device>
      <path>https://neerajsathyan.github.io/footballpeek/</path>
      <browser>chrome</browser>
      <runCount>18</runCount>
    </run>
    <run runId="116">
      <device>nexus6p</device>
      <path>https://gamma1210.github.io/currency-calc/</path>
      <browser>chrome</browser>
      <runCount>17</runCount>
    </run>
    <run runId="154">
      <device>nexus6p</device>
      <path>https://gamma1210.github.io/birdandearth/www.birdandearth.com.au/</path>
      <browser>chrome</browser>
      <runCount>15</runCount>
    </run>
    <run runId="29">
      <device>nexus6p</device>
      <path>https://neerajsathyan.github.io/pwa-with-vanilla-js/</path>
      <browser>chrome</browser>
      <runCount>10</runCount>
    </run>
    <run runId="80">
      <device>nexus6p</device>
      <path>https://gamma1210.github.io/beer/</path>
      <browser>chrome</browser>
      <runCount>1</runCount>
    </run>
    <run runId="177">
      <device>nexus6p</device>
      <path>https://neerajsathyan.github.io/la-cuenta/</path>
      <browser>chrome</browser>
      <runCount>18</runCount>
    </run>
    <run runId="65">
      <device>nexus6p</device>
      <path>https://neerajsathyan.github.io/resilientwebdesign/</path>
      <browser>chrome</browser>
      <runCount>6</runCount>
    </run>
    <run runId="147">
      <device>nexus6p</device>
      <path>https://gamma1210.github.io/birdandearth/www.birdandearth.com.au/</path>
      <browser>chrome</browser>
      <runCount>8</runCount>
    </run>
    <run runId="164">
      <device>nexus6p</device>
      <path>https://neerajsathyan.github.io/la-cuenta/</path>
      <browser>chrome</browser>
      <runCount>5</runCount>
    </run>
    <run runId="44">
      <device>nexus6p</device>
      <path>https://neerajsathyan.github.io/wavepad/</path>
      <browser>chrome</browser>
      <runCount>5</runCount>
    </run>
    <run runId="10">
      <device>nexus6p</device>
      <path>https://neerajsathyan.github.io/footballpeek/</path>
      <browser>chrome</browser>
      <runCount>11</runCount>
    </run>
    <run runId="111">
      <device>nexus6p</device>
      <path>https://gamma1210.github.io/currency-calc/</path>
      <browser>chrome</browser>
      <runCount>12</runCount>
    </run>
    <run runId="125">
      <device>nexus6p</device>
      <path>https://gamma1210.github.io/jetzt/www.jetzt.de/</path>
      <browser>chrome</browser>
      <runCount>6</runCount>
    </run>
    <run runId="85">
      <device>nexus6p</device>
      <path>https://gamma1210.github.io/beer/</path>
      <browser>chrome</browser>
      <runCount>6</runCount>
    </run>
    <run runId="7">
      <device>nexus6p</device>
      <path>https://neerajsathyan.github.io/footballpeek/</path>
      <browser>chrome</browser>
      <runCount>8</runCount>
    </run>
    <run runId="48">
      <device>nexus6p</device>
      <path>https://neerajsathyan.github.io/wavepad/</path>
      <browser>chrome</browser>
      <runCount>9</runCount>
    </run>
    <run runId="157">
      <device>nexus6p</device>
      <path>https://gamma1210.github.io/birdandearth/www.birdandearth.com.au/</path>
      <browser>chrome</browser>
      <runCount>18</runCount>
    </run>
    <run runId="83">
      <device>nexus6p</device>
      <path>https://gamma1210.github.io/beer/</path>
      <browser>chrome</browser>
      <runCount>4</runCount>
    </run>
    <run runId="100">
      <device>nexus6p</device>
      <path>https://gamma1210.github.io/currency-calc/</path>
      <browser>chrome</browser>
      <runCount>1</runCount>
    </run>
    <run runId="68">
      <device>nexus6p</device>
      <path>https://neerajsathyan.github.io/resilientwebdesign/</path>
      <browser>chrome</browser>
      <runCount>9</runCount>
    </run>
    <run runId="127">
      <device>nexus6p</device>
      <path>https://gamma1210.github.io/jetzt/www.jetzt.de/</path>
      <browser>chrome</browser>
      <runCount>8</runCount>
    </run>
    <run runId="46">
      <device>nexus6p</device>
      <path>https://neerajsathyan.github.io/wavepad/</path>
      <browser>chrome</browser>
      <runCount>7</runCount>
    </run>
    <run runId="165">
      <device>nexus6p</device>
      <path>https://neerajsathyan.github.io/la-cuenta/</path>
      <browser>chrome</browser>
      <runCount>6</runCount>
    </run>
    <run runId="95">
      <device>nexus6p</device>
      <path>https://gamma1210.github.io/beer/</path>
      <browser>chrome</browser>
      <runCount>16</runCount>
    </run>
    <run runId="58">
      <device>nexus6p</device>
      <path>https://neerajsathyan.github.io/wavepad/</path>
      <browser>chrome</browser>
      <runCount>19</runCount>
    </run>
    <run runId="9">
      <device>nexus6p</device>
      <path>https://neerajsathyan.github.io/footballpeek/</path>
      <browser>chrome</browser>
      <runCount>10</runCount>
    </run>
    <run runId="117">
      <device>nexus6p</device>
      <path>https://gamma1210.github.io/currency-calc/</path>
      <browser>chrome</browser>
      <runCount>18</runCount>
    </run>
    <run runId="4">
      <device>nexus6p</device>
      <path>https://neerajsathyan.github.io/footballpeek/</path>
      <browser>chrome</browser>
      <runCount>5</runCount>
    </run>
    <run runId="67">
      <device>nexus6p</device>
      <path>https://neerajsathyan.github.io/resilientwebdesign/</path>
      <browser>chrome</browser>
      <runCount>8</runCount>
    </run>
    <run runId="6">
      <device>nexus6p</device>
      <path>https://neerajsathyan.github.io/footballpeek/</path>
      <browser>chrome</browser>
      <runCount>7</runCount>
    </run>
    <run runId="149">
      <device>nexus6p</device>
      <path>https://gamma1210.github.io/birdandearth/www.birdandearth.com.au/</path>
      <browser>chrome</browser>
      <runCount>10</runCount>
    </run>
    <run runId="37">
      <device>nexus6p</device>
      <path>https://neerajsathyan.github.io/pwa-with-vanilla-js/</path>
      <browser>chrome</browser>
      <runCount>18</runCount>
    </run>
    <run runId="77">
      <device>nexus6p</device>
      <path>https://neerajsathyan.github.io/resilientwebdesign/</path>
      <browser>chrome</browser>
      <runCount>18</runCount>
    </run>
    <run runId="171">
      <device>nexus6p</device>
      <path>https://neerajsathyan.github.io/la-cuenta/</path>
      <browser>chrome</browser>
      <runCount>12</runCount>
    </run>
    <run runId="168">
      <device>nexus6p</device>
      <path>https://neerajsathyan.github.io/la-cuenta/</path>
      <browser>chrome</browser>
      <runCount>9</runCount>
    </run>
    <run runId="82">
      <device>nexus6p</device>
      <path>https://gamma1210.github.io/beer/</path>
      <browser>chrome</browser>
      <runCount>3</runCount>
    </run>
    <run runId="57">
      <device>nexus6p</device>
      <path>https://neerajsathyan.github.io/wavepad/</path>
      <browser>chrome</browser>
      <runCount>18</runCount>
    </run>
    <run runId="1">
      <device>nexus6p</device>
      <path>https://neerajsathyan.github.io/footballpeek/</path>
      <browser>chrome</browser>
      <runCount>2</runCount>
    </run>
    <run runId="72">
      <device>nexus6p</device>
      <path>https://neerajsathyan.github.io/resilientwebdesign/</path>
      <browser>chrome</browser>
      <runCount>13</runCount>
    </run>
    <run runId="75">
      <device>nexus6p</device>
      <path>https://neerajsathyan.github.io/resilientwebdesign/</path>
      <browser>chrome</browser>
      <runCount>16</runCount>
    </run>
    <run runId="49">
      <device>nexus6p</device>
      <path>https://neerajsathyan.github.io/wavepad/</path>
      <browser>chrome</browser>
      <runCount>10</runCount>
    </run>
    <run runId="70">
      <device>nexus6p</device>
      <path>https://neerajsathyan.github.io/resilientwebdesign/</path>
      <browser>chrome</browser>
      <runCount>11</runCount>
    </run>
    <run runId="92">
      <device>nexus6p</device>
      <path>https://gamma1210.github.io/beer/</path>
      <browser>chrome</browser>
      <runCount>13</runCount>
    </run>
    <run runId="105">
      <device>nexus6p</device>
      <path>https://gamma1210.github.io/currency-calc/</path>
      <browser>chrome</browser>
      <runCount>6</runCount>
    </run>
    <run runId="78">
      <device>nexus6p</device>
      <path>https://neerajsathyan.github.io/resilientwebdesign/</path>
      <browser>chrome</browser>
      <runCount>19</runCount>
    </run>
    <run runId="62">
      <device>nexus6p</device>
      <path>https://neerajsathyan.github.io/resilientwebdesign/</path>
      <browser>chrome</browser>
      <runCount>3</runCount>
    </run>
    <run runId="61">
      <device>nexus6p</device>
      <path>https://neerajsathyan.github.io/resilientwebdesign/</path>
      <browser>chrome</browser>
      <runCount>2</runCount>
    </run>
    <run runId="120">
      <device>nexus6p</device>
      <path>https://gamma1210.github.io/jetzt/www.jetzt.de/</path>
      <browser>chrome</browser>
      <runCount>1</runCount>
    </run>
    <run runId="174">
      <device>nexus6p</device>
      <path>https://neerajsathyan.github.io/la-cuenta/</path>
      <browser>chrome</browser>
      <runCount>15</runCount>
    </run>
    <run runId="152">
      <device>nexus6p</device>
      <path>https://gamma1210.github.io/birdandearth/www.birdandearth.com.au/</path>
      <browser>chrome</browser>
      <runCount>13</runCount>
    </run>
    <run runId="140">
      <device>nexus6p</device>
      <path>https://gamma1210.github.io/birdandearth/www.birdandearth.com.au/</path>
      <browser>chrome</browser>
      <runCount>1</runCount>
    </run>
    <run runId="89">
      <device>nexus6p</device>
      <path>https://gamma1210.github.io/beer/</path>
      <browser>chrome</browser>
      <runCount>10</runCount>
    </run>
    <run runId="43">
      <device>nexus6p</device>
      <path>https://neerajsathyan.github.io/wavepad/</path>
      <browser>chrome</browser>
      <runCount>4</runCount>
    </run>
    <run runId="14">
      <device>nexus6p</device>
      <path>https://neerajsathyan.github.io/footballpeek/</path>
      <browser>chrome</browser>
      <runCount>15</runCount>
    </run>
    <run runId="96">
      <device>nexus6p</device>
      <path>https://gamma1210.github.io/beer/</path>
      <browser>chrome</browser>
      <runCount>17</runCount>
    </run>
    <run runId="123">
      <device>nexus6p</device>
      <path>https://gamma1210.github.io/jetzt/www.jetzt.de/</path>
      <browser>chrome</browser>
      <runCount>4</runCount>
    </run>
    <run runId="119">
      <device>nexus6p</device>
      <path>https://gamma1210.github.io/currency-calc/</path>
      <browser>chrome</browser>
      <runCount>20</runCount>
    </run>
    <run runId="129">
      <device>nexus6p</device>
      <path>https://gamma1210.github.io/jetzt/www.jetzt.de/</path>
      <browser>chrome</browser>
      <runCount>10</runCount>
    </run>
    <run runId="103">
      <device>nexus6p</device>
      <path>https://gamma1210.github.io/currency-calc/</path>
      <browser>chrome</browser>
      <runCount>4</runCount>
    </run>
    <run runId="155">
      <device>nexus6p</device>
      <path>https://gamma1210.github.io/birdandearth/www.birdandearth.com.au/</path>
      <browser>chrome</browser>
      <runCount>16</runCount>
    </run>
    <run runId="156">
      <device>nexus6p</device>
      <path>https://gamma1210.github.io/birdandearth/www.birdandearth.com.au/</path>
      <browser>chrome</browser>
      <runCount>17</runCount>
    </run>
    <run runId="153">
      <device>nexus6p</device>
      <path>https://gamma1210.github.io/birdandearth/www.birdandearth.com.au/</path>
      <browser>chrome</browser>
      <runCount>14</runCount>
    </run>
    <run runId="160">
      <device>nexus6p</device>
      <path>https://neerajsathyan.github.io/la-cuenta/</path>
      <browser>chrome</browser>
      <runCount>1</runCount>
    </run>
    <run runId="141">
      <device>nexus6p</device>
      <path>https://gamma1210.github.io/birdandearth/www.birdandearth.com.au/</path>
      <browser>chrome</browser>
      <runCount>2</runCount>
    </run>
    <run runId="34">
      <device>nexus6p</device>
      <path>https://neerajsathyan.github.io/pwa-with-vanilla-js/</path>
      <browser>chrome</browser>
      <runCount>15</runCount>
    </run>
    <run runId="145">
      <device>nexus6p</device>
      <path>https://gamma1210.github.io/birdandearth/www.birdandearth.com.au/</path>
      <browser>chrome</browser>
      <runCount>6</runCount>
    </run>
    <run runId="23">
      <device>nexus6p</device>
      <path>https://neerajsathyan.github.io/pwa-with-vanilla-js/</path>
      <browser>chrome</browser>
      <runCount>4</runCount>
    </run>
    <run runId="55">
      <device>nexus6p</device>
      <path>https://neerajsathyan.github.io/wavepad/</path>
      <browser>chrome</browser>
      <runCount>16</runCount>
    </run>
    <run runId="99">
      <device>nexus6p</device>
      <path>https://gamma1210.github.io/beer/</path>
      <browser>chrome</browser>
      <runCount>20</runCount>
    </run>
    <run runId="130">
      <device>nexus6p</device>
      <path>https://gamma1210.github.io/jetzt/www.jetzt.de/</path>
      <browser>chrome</browser>
      <runCount>11</runCount>
    </run>
    <run runId="132">
      <device>nexus6p</device>
      <path>https://gamma1210.github.io/jetzt/www.jetzt.de/</path>
      <browser>chrome</browser>
      <runCount>13</runCount>
    </run>
    <run runId="26">
      <device>nexus6p</device>
      <path>https://neerajsathyan.github.io/pwa-with-vanilla-js/</path>
      <browser>chrome</browser>
      <runCount>7</runCount>
    </run>
    <run runId="102">
      <device>nexus6p</device>
      <path>https://gamma1210.github.io/currency-calc/</path>
      <browser>chrome</browser>
      <runCount>3</runCount>
    </run>
    <run runId="173">
      <device>nexus6p</device>
      <path>https://neerajsathyan.github.io/la-cuenta/</path>
      <browser>chrome</browser>
      <runCount>14</runCount>
    </run>
    <run runId="88">
      <device>nexus6p</device>
      <path>https://gamma1210.github.io/beer/</path>
      <browser>chrome</browser>
      <runCount>9</runCount>
    </run>
    <run runId="159">
      <device>nexus6p</device>
      <path>https://gamma1210.github.io/birdandearth/www.birdandearth.com.au/</path>
      <browser>chrome</browser>
      <runCount>20</runCount>
    </run>
    <run runId="56">
      <device>nexus6p</device>
      <path>https://neerajsathyan.github.io/wavepad/</path>
      <browser>chrome</browser>
      <runCount>17</runCount>
    </run>
    <run runId="36">
      <device>nexus6p</device>
      <path>https://neerajsathyan.github.io/pwa-with-vanilla-js/</path>
      <browser>chrome</browser>
      <runCount>17</runCount>
    </run>
    <run runId="158">
      <device>nexus6p</device>
      <path>https://gamma1210.github.io/birdandearth/www.birdandearth.com.au/</path>
      <browser>chrome</browser>
      <runCount>19</runCount>
    </run>
    <run runId="32">
      <device>nexus6p</device>
      <path>https://neerajsathyan.github.io/pwa-with-vanilla-js/</path>
      <browser>chrome</browser>
      <runCount>13</runCount>
    </run>
    <run runId="28">
      <device>nexus6p</device>
      <path>https://neerajsathyan.github.io/pwa-with-vanilla-js/</path>
      <browser>chrome</browser>
      <runCount>9</runCount>
    </run>
    <run runId="54">
      <device>nexus6p</device>
      <path>https://neerajsathyan.github.io/wavepad/</path>
      <browser>chrome</browser>
      <runCount>15</runCount>
    </run>
    <run runId="39">
      <device>nexus6p</device>
      <path>https://neerajsathyan.github.io/pwa-with-vanilla-js/</path>
      <browser>chrome</browser>
      <runCount>20</runCount>
    </run>
    <run runId="73">
      <device>nexus6p</device>
      <path>https://neerajsathyan.github.io/resilientwebdesign/</path>
      <browser>chrome</browser>
      <runCount>14</runCount>
    </run>
    <run runId="107">
      <device>nexus6p</device>
      <path>https://gamma1210.github.io/currency-calc/</path>
      <browser>chrome</browser>
      <runCount>8</runCount>
    </run>
    <run runId="30">
      <device>nexus6p</device>
      <path>https://neerajsathyan.github.io/pwa-with-vanilla-js/</path>
      <browser>chrome</browser>
      <runCount>11</runCount>
    </run>
    <run runId="64">
      <device>nexus6p</device>
      <path>https://neerajsathyan.github.io/resilientwebdesign/</path>
      <browser>chrome</browser>
      <runCount>5</runCount>
    </run>
    <run runId="18">
      <device>nexus6p</device>
      <path>https://neerajsathyan.github.io/footballpeek/</path>
      <browser>chrome</browser>
      <runCount>19</runCount>
    </run>
    <run runId="176">
      <device>nexus6p</device>
      <path>https://neerajsathyan.github.io/la-cuenta/</path>
      <browser>chrome</browser>
      <runCount>17</runCount>
    </run>
    <run runId="143">
      <device>nexus6p</device>
      <path>https://gamma1210.github.io/birdandearth/www.birdandearth.com.au/</path>
      <browser>chrome</browser>
      <runCount>4</runCount>
    </run>
    <run runId="90">
      <device>nexus6p</device>
      <path>https://gamma1210.github.io/beer/</path>
      <browser>chrome</browser>
      <runCount>11</runCount>
    </run>
    <run runId="0">
      <device>nexus6p</device>
      <path>https://neerajsathyan.github.io/footballpeek/</path>
      <browser>chrome</browser>
      <runCount>1</runCount>
    </run>
    <run runId="110">
      <device>nexus6p</device>
      <path>https://gamma1210.github.io/currency-calc/</path>
      <browser>chrome</browser>
      <runCount>11</runCount>
    </run>
    <run runId="21">
      <device>nexus6p</device>
      <path>https://neerajsathyan.github.io/pwa-with-vanilla-js/</path>
      <browser>chrome</browser>
      <runCount>2</runCount>
    </run>
    <run runId="118">
      <device>nexus6p</device>
      <path>https://gamma1210.github.io/currency-calc/</path>
      <browser>chrome</browser>
      <runCount>19</runCount>
    </run>
    <run runId="136">
      <device>nexus6p</device>
      <path>https://gamma1210.github.io/jetzt/www.jetzt.de/</path>
      <browser>chrome</browser>
      <runCount>17</runCount>
    </run>
    <run runId="35">
      <device>nexus6p</device>
      <path>https://neerajsathyan.github.io/pwa-with-vanilla-js/</path>
      <browser>chrome</browser>
      <runCount>16</runCount>
    </run>
    <run runId="128">
      <device>nexus6p</device>
      <path>https://gamma1210.github.io/jetzt/www.jetzt.de/</path>
      <browser>chrome</browser>
      <runCount>9</runCount>
    </run>
    <run runId="42">
      <device>nexus6p</device>
      <path>https://neerajsathyan.github.io/wavepad/</path>
      <browser>chrome</browser>
      <runCount>3</runCount>
    </run>
    <run runId="69">
      <device>nexus6p</device>
      <path>https://neerajsathyan.github.io/resilientwebdesign/</path>
      <browser>chrome</browser>
      <runCount>10</runCount>
    </run>
    <run runId="3">
      <device>nexus6p</device>
      <path>https://neerajsathyan.github.io/footballpeek/</path>
      <browser>chrome</browser>
      <runCount>4</runCount>
    </run>
    <run runId="19">
      <device>nexus6p</device>
      <path>https://neerajsathyan.github.io/footballpeek/</path>
      <browser>chrome</browser>
      <runCount>20</runCount>
    </run>
    <run runId="162">
      <device>nexus6p</device>
      <path>https://neerajsathyan.github.io/la-cuenta/</path>
      <browser>chrome</browser>
      <runCount>3</runCount>
    </run>
    <run runId="101">
      <device>nexus6p</device>
      <path>https://gamma1210.github.io/currency-calc/</path>
      <browser>chrome</browser>
      <runCount>2</runCount>
    </run>
    <run runId="16">
      <device>nexus6p</device>
      <path>https://neerajsathyan.github.io/footballpeek/</path>
      <browser>chrome</browser>
      <runCount>17</runCount>
    </run>
    <run runId="25">
      <device>nexus6p</device>
      <path>https://neerajsathyan.github.io/pwa-with-vanilla-js/</path>
      <browser>chrome</browser>
      <runCount>6</runCount>
    </run>
    <run runId="134">
      <device>nexus6p</device>
      <path>https://gamma1210.github.io/jetzt/www.jetzt.de/</path>
      <browser>chrome</browser>
      <runCount>15</runCount>
    </run>
    <run runId="13">
      <device>nexus6p</device>
      <path>https://neerajsathyan.github.io/footballpeek/</path>
      <browser>chrome</browser>
      <runCount>14</runCount>
    </run>
    <run runId="108">
      <device>nexus6p</device>
      <path>https://gamma1210.github.io/currency-calc/</path>
      <browser>chrome</browser>
      <runCount>9</runCount>
    </run>
    <run runId="59">
      <device>nexus6p</device>
      <path>https://neerajsathyan.github.io/wavepad/</path>
      <browser>chrome</browser>
      <runCount>20</runCount>
    </run>
    <run runId="53">
      <device>nexus6p</device>
      <path>https://neerajsathyan.github.io/wavepad/</path>
      <browser>chrome</browser>
      <runCount>14</runCount>
    </run>
    <run runId="109">
      <device>nexus6p</device>
      <path>https://gamma1210.github.io/currency-calc/</path>
      <browser>chrome</browser>
      <runCount>10</runCount>
    </run>
    <run runId="138">
      <device>nexus6p</device>
      <path>https://gamma1210.github.io/jetzt/www.jetzt.de/</path>
      <browser>chrome</browser>
      <runCount>19</runCount>
    </run>
    <run runId="144">
      <device>nexus6p</device>
      <path>https://gamma1210.github.io/birdandearth/www.birdandearth.com.au/</path>
      <browser>chrome</browser>
      <runCount>5</runCount>
    </run>
    <run runId="76">
      <device>nexus6p</device>
      <path>https://neerajsathyan.github.io/resilientwebdesign/</path>
      <browser>chrome</browser>
      <runCount>17</runCount>
    </run>
    <run runId="31">
      <device>nexus6p</device>
      <path>https://neerajsathyan.github.io/pwa-with-vanilla-js/</path>
      <browser>chrome</browser>
      <runCount>12</runCount>
    </run>
    <run runId="115">
      <device>nexus6p</device>
      <path>https://gamma1210.github.io/currency-calc/</path>
      <browser>chrome</browser>
      <runCount>16</runCount>
    </run>
    <run runId="41">
      <device>nexus6p</device>
      <path>https://neerajsathyan.github.io/wavepad/</path>
      <browser>chrome</browser>
      <runCount>2</runCount>
    </run>
    <run runId="175">
      <device>nexus6p</device>
      <path>https://neerajsathyan.github.io/la-cuenta/</path>
      <browser>chrome</browser>
      <runCount>16</runCount>
    </run>
    <run runId="5">
      <device>nexus6p</device>
      <path>https://neerajsathyan.github.io/footballpeek/</path>
      <browser>chrome</browser>
      <runCount>6</runCount>
    </run>
    <run runId="113">
      <device>nexus6p</device>
      <path>https://gamma1210.github.io/currency-calc/</path>
      <browser>chrome</browser>
      <runCount>14</runCount>
    </run>
    <run runId="45">
      <device>nexus6p</device>
      <path>https://neerajsathyan.github.io/wavepad/</path>
      <browser>chrome</browser>
      <runCount>6</runCount>
    </run>
    <run runId="178">
      <device>nexus6p</device>
      <path>https://neerajsathyan.github.io/la-cuenta/</path>
      <browser>chrome</browser>
      <runCount>19</runCount>
    </run>
  <run runId="66">
      <device>nexus6p</device>
      <path>https://neerajsathyan.github.io/resilientwebdesign/</path>
      <browser>chrome</browser>
      <runCount>7</runCount>
    </run>
    <run runId="93">
      <device>nexus6p</device>
      <path>https://gamma1210.github.io/beer/</path>
      <browser>chrome</browser>
      <runCount>14</runCount>
    </run>
    <run runId="91">
      <device>nexus6p</device>
      <path>https://gamma1210.github.io/beer/</path>
      <browser>chrome</browser>
      <runCount>12</runCount>
    </run>
    <run runId="50">
      <device>nexus6p</device>
      <path>https://neerajsathyan.github.io/wavepad/</path>
      <browser>chrome</browser>
      <runCount>11</runCount>
    </run>
    <run runId="27">
      <device>nexus6p</device>
      <path>https://neerajsathyan.github.io/pwa-with-vanilla-js/</path>
      <browser>chrome</browser>
      <runCount>8</runCount>
    </run>
    <run runId="52">
      <device>nexus6p</device>
      <path>https://neerajsathyan.github.io/wavepad/</path>
      <browser>chrome</browser>
      <runCount>13</runCount>
    </run>
    <run runId="87">
      <device>nexus6p</device>
      <path>https://gamma1210.github.io/beer/</path>
      <browser>chrome</browser>
      <runCount>8</runCount>
    </run>
    </runsDone>
</experiment>
